ID,resname,resid,x_1,y_1,z_1,x_2,y_2,z_2,x_3,y_3,z_3,x_4,y_4,z_4,x_5,y_5,z_5
Test_Target_001_1,A,1,-2.3660543,10.513691,-0.80237913,-2.3660543,10.513691,-0.80237913,-2.3660543,10.513691,-0.80237913,-2.3660543,10.513691,-0.80237913,-2.3660543,10.513691,-0.80237913
Test_Target_001_2,G,2,-2.3724575,10.511975,-0.7958463,-2.3724575,10.511975,-0.7958463,-2.3724575,10.511975,-0.7958463,-2.3724575,10.511975,-0.7958463,-2.3724575,10.511975,-0.7958463
Test_Target_001_3,G,3,-2.3717024,10.512099,-0.7952603,-2.3717024,10.512099,-0.7952603,-2.3717024,10.512099,-0.7952603,-2.3717024,10.512099,-0.7952603,-2.3717024,10.512099,-0.7952603
Test_Target_001_4,U,4,-2.3760977,10.51127,-0.7800543,-2.3760977,10.51127,-0.7800543,-2.3760977,10.51127,-0.7800543,-2.3760977,10.51127,-0.7800543,-2.3760977,10.51127,-0.7800543
Test_Target_001_5,C,5,-2.4191377,10.512886,-0.8233257,-2.4191377,10.512886,-0.8233257,-2.4191377,10.512886,-0.8233257,-2.4191377,10.512886,-0.8233257,-2.4191377,10.512886,-0.8233257
Test_Target_001_6,A,6,-2.3652992,10.514009,-0.80089945,-2.3652992,10.514009,-0.80089945,-2.3652992,10.514009,-0.80089945,-2.3652992,10.514009,-0.80089945,-2.3652992,10.514009,-0.80089945
Test_Target_001_7,G,7,-2.3726456,10.511685,-0.7937725,-2.3726456,10.511685,-0.7937725,-2.3726456,10.511685,-0.7937725,-2.3726456,10.511685,-0.7937725,-2.3726456,10.511685,-0.7937725
Test_Target_001_8,G,8,-2.3726084,10.511682,-0.79467875,-2.3726084,10.511682,-0.79467875,-2.3726084,10.511682,-0.79467875,-2.3726084,10.511682,-0.79467875,-2.3726084,10.511682,-0.79467875
Test_Target_001_9,U,9,-2.375222,10.511063,-0.78109485,-2.375222,10.511063,-0.78109485,-2.375222,10.511063,-0.78109485,-2.375222,10.511063,-0.78109485,-2.375222,10.511063,-0.78109485
Test_Target_001_10,C,10,-2.407015,10.5128145,-0.817746,-2.407015,10.5128145,-0.817746,-2.407015,10.5128145,-0.817746,-2.407015,10.5128145,-0.817746,-2.407015,10.5128145,-0.817746
Test_Target_001_11,A,11,-2.3639383,10.51385,-0.8007537,-2.3639383,10.51385,-0.8007537,-2.3639383,10.51385,-0.8007537,-2.3639383,10.51385,-0.8007537,-2.3639383,10.51385,-0.8007537
Test_Target_001_12,G,12,-2.3700924,10.511739,-0.79432684,-2.3700924,10.511739,-0.79432684,-2.3700924,10.511739,-0.79432684,-2.3700924,10.511739,-0.79432684,-2.3700924,10.511739,-0.79432684
Test_Target_001_13,G,13,-2.3715346,10.511425,-0.7942877,-2.3715346,10.511425,-0.7942877,-2.3715346,10.511425,-0.7942877,-2.3715346,10.511425,-0.7942877,-2.3715346,10.511425,-0.7942877
Test_Target_001_14,U,14,-2.3760507,10.510515,-0.781918,-2.3760507,10.510515,-0.781918,-2.3760507,10.510515,-0.781918,-2.3760507,10.510515,-0.781918,-2.3760507,10.510515,-0.781918
Test_Target_001_15,C,15,-2.411058,10.5111475,-0.81702167,-2.411058,10.5111475,-0.81702167,-2.411058,10.5111475,-0.81702167,-2.411058,10.5111475,-0.81702167,-2.411058,10.5111475,-0.81702167
Test_Target_001_16,A,16,-2.3679307,10.513051,-0.801738,-2.3679307,10.513051,-0.801738,-2.3679307,10.513051,-0.801738,-2.3679307,10.513051,-0.801738,-2.3679307,10.513051,-0.801738
Test_Target_001_17,G,17,-2.3737073,10.511596,-0.7973353,-2.3737073,10.511596,-0.7973353,-2.3737073,10.511596,-0.7973353,-2.3737073,10.511596,-0.7973353,-2.3737073,10.511596,-0.7973353
Test_Target_001_18,G,18,-2.3728983,10.511845,-0.7967239,-2.3728983,10.511845,-0.7967239,-2.3728983,10.511845,-0.7967239,-2.3728983,10.511845,-0.7967239,-2.3728983,10.511845,-0.7967239
Test_Target_001_19,U,19,-2.375265,10.511393,-0.7824883,-2.375265,10.511393,-0.7824883,-2.375265,10.511393,-0.7824883,-2.375265,10.511393,-0.7824883,-2.375265,10.511393,-0.7824883
Test_Target_001_20,C,20,-2.4044702,10.512479,-0.812763,-2.4044702,10.512479,-0.812763,-2.4044702,10.512479,-0.812763,-2.4044702,10.512479,-0.812763,-2.4044702,10.512479,-0.812763
Test_Target_002_1,C,1,-2.4142306,10.512242,-0.82556856,-2.4142306,10.512242,-0.82556856,-2.4142306,10.512242,-0.82556856,-2.4142306,10.512242,-0.82556856,-2.4142306,10.512242,-0.82556856
Test_Target_002_2,C,2,-2.4139545,10.512443,-0.8249316,-2.4139545,10.512443,-0.8249316,-2.4139545,10.512443,-0.8249316,-2.4139545,10.512443,-0.8249316,-2.4139545,10.512443,-0.8249316
Test_Target_002_3,C,3,-2.414726,10.512717,-0.8255376,-2.414726,10.512717,-0.8255376,-2.414726,10.512717,-0.8255376,-2.414726,10.512717,-0.8255376,-2.414726,10.512717,-0.8255376
Test_Target_002_4,A,4,-2.3632548,10.514342,-0.80413383,-2.3632548,10.514342,-0.80413383,-2.3632548,10.514342,-0.80413383,-2.3632548,10.514342,-0.80413383,-2.3632548,10.514342,-0.80413383
Test_Target_002_5,A,5,-2.3634126,10.514338,-0.80361974,-2.3634126,10.514338,-0.80361974,-2.3634126,10.514338,-0.80361974,-2.3634126,10.514338,-0.80361974,-2.3634126,10.514338,-0.80361974
Test_Target_002_6,A,6,-2.3640506,10.514099,-0.802891,-2.3640506,10.514099,-0.802891,-2.3640506,10.514099,-0.802891,-2.3640506,10.514099,-0.802891,-2.3640506,10.514099,-0.802891
Test_Target_002_7,U,7,-2.3755271,10.510596,-0.7779879,-2.3755271,10.510596,-0.7779879,-2.3755271,10.510596,-0.7779879,-2.3755271,10.510596,-0.7779879,-2.3755271,10.510596,-0.7779879
Test_Target_002_8,U,8,-2.3749597,10.510688,-0.7796021,-2.3749597,10.510688,-0.7796021,-2.3749597,10.510688,-0.7796021,-2.3749597,10.510688,-0.7796021,-2.3749597,10.510688,-0.7796021
Test_Target_002_9,U,9,-2.3736591,10.51104,-0.7813436,-2.3736591,10.51104,-0.7813436,-2.3736591,10.51104,-0.7813436,-2.3736591,10.51104,-0.7813436,-2.3736591,10.51104,-0.7813436
Test_Target_002_10,G,10,-2.36919,10.512031,-0.7971938,-2.36919,10.512031,-0.7971938,-2.36919,10.512031,-0.7971938,-2.36919,10.512031,-0.7971938,-2.36919,10.512031,-0.7971938
Test_Target_002_11,G,11,-2.3685567,10.512019,-0.79660934,-2.3685567,10.512019,-0.79660934,-2.3685567,10.512019,-0.79660934,-2.3685567,10.512019,-0.79660934,-2.3685567,10.512019,-0.79660934
Test_Target_002_12,G,12,-2.369135,10.511821,-0.7960703,-2.369135,10.511821,-0.7960703,-2.369135,10.511821,-0.7960703,-2.369135,10.511821,-0.7960703,-2.369135,10.511821,-0.7960703
Test_Target_002_13,C,13,-2.4076672,10.5118685,-0.81871486,-2.4076672,10.5118685,-0.81871486,-2.4076672,10.5118685,-0.81871486,-2.4076672,10.5118685,-0.81871486,-2.4076672,10.5118685,-0.81871486
Test_Target_002_14,C,14,-2.4105563,10.511277,-0.8198537,-2.4105563,10.511277,-0.8198537,-2.4105563,10.511277,-0.8198537,-2.4105563,10.511277,-0.8198537,-2.4105563,10.511277,-0.8198537
Test_Target_002_15,C,15,-2.412652,10.511033,-0.82185143,-2.412652,10.511033,-0.82185143,-2.412652,10.511033,-0.82185143,-2.412652,10.511033,-0.82185143,-2.412652,10.511033,-0.82185143
Test_Target_002_16,A,16,-2.3667355,10.5131035,-0.8037481,-2.3667355,10.5131035,-0.8037481,-2.3667355,10.5131035,-0.8037481,-2.3667355,10.5131035,-0.8037481,-2.3667355,10.5131035,-0.8037481
Test_Target_002_17,A,17,-2.3661492,10.513395,-0.80382234,-2.3661492,10.513395,-0.80382234,-2.3661492,10.513395,-0.80382234,-2.3661492,10.513395,-0.80382234,-2.3661492,10.513395,-0.80382234
Test_Target_002_18,A,18,-2.3654866,10.513625,-0.8030131,-2.3654866,10.513625,-0.8030131,-2.3654866,10.513625,-0.8030131,-2.3654866,10.513625,-0.8030131,-2.3654866,10.513625,-0.8030131
Test_Target_003_1,U,1,-2.376599,10.510553,-0.7820974,-2.376599,10.510553,-0.7820974,-2.376599,10.510553,-0.7820974,-2.376599,10.510553,-0.7820974,-2.376599,10.510553,-0.7820974
Test_Target_003_2,U,2,-2.3763163,10.510631,-0.78156346,-2.3763163,10.510631,-0.78156346,-2.3763163,10.510631,-0.78156346,-2.3763163,10.510631,-0.78156346,-2.3763163,10.510631,-0.78156346
Test_Target_003_3,G,3,-2.3717482,10.511548,-0.7954319,-2.3717482,10.511548,-0.7954319,-2.3717482,10.511548,-0.7954319,-2.3717482,10.511548,-0.7954319,-2.3717482,10.511548,-0.7954319
Test_Target_003_4,G,4,-2.3710096,10.511608,-0.7944249,-2.3710096,10.511608,-0.7944249,-2.3710096,10.511608,-0.7944249,-2.3710096,10.511608,-0.7944249,-2.3710096,10.511608,-0.7944249
Test_Target_003_5,A,5,-2.3646228,10.513684,-0.80168027,-2.3646228,10.513684,-0.80168027,-2.3646228,10.513684,-0.80168027,-2.3646228,10.513684,-0.80168027,-2.3646228,10.513684,-0.80168027
Test_Target_003_6,A,6,-2.3652232,10.513469,-0.80095047,-2.3652232,10.513469,-0.80095047,-2.3652232,10.513469,-0.80095047,-2.3652232,10.513469,-0.80095047,-2.3652232,10.513469,-0.80095047
Test_Target_003_7,C,7,-2.4142835,10.511857,-0.81801,-2.4142835,10.511857,-0.81801,-2.4142835,10.511857,-0.81801,-2.4142835,10.511857,-0.81801,-2.4142835,10.511857,-0.81801
Test_Target_003_8,C,8,-2.4115288,10.511851,-0.81722516,-2.4115288,10.511851,-0.81722516,-2.4115288,10.511851,-0.81722516,-2.4115288,10.511851,-0.81722516,-2.4115288,10.511851,-0.81722516
Test_Target_003_9,A,9,-2.3649733,10.513206,-0.8012693,-2.3649733,10.513206,-0.8012693,-2.3649733,10.513206,-0.8012693,-2.3649733,10.513206,-0.8012693,-2.3649733,10.513206,-0.8012693
Test_Target_003_10,A,10,-2.3641741,10.513338,-0.8013423,-2.3641741,10.513338,-0.8013423,-2.3641741,10.513338,-0.8013423,-2.3641741,10.513338,-0.8013423,-2.3641741,10.513338,-0.8013423
Test_Target_003_11,U,11,-2.372265,10.510993,-0.7800663,-2.372265,10.510993,-0.7800663,-2.372265,10.510993,-0.7800663,-2.372265,10.510993,-0.7800663,-2.372265,10.510993,-0.7800663
Test_Target_003_12,U,12,-2.3726368,10.510763,-0.77951485,-2.3726368,10.510763,-0.77951485,-2.3726368,10.510763,-0.77951485,-2.3726368,10.510763,-0.77951485,-2.3726368,10.510763,-0.77951485
Test_Target_003_13,G,13,-2.3715565,10.510922,-0.79400355,-2.3715565,10.510922,-0.79400355,-2.3715565,10.510922,-0.79400355,-2.3715565,10.510922,-0.79400355,-2.3715565,10.510922,-0.79400355
Test_Target_003_14,G,14,-2.3730996,10.510657,-0.7946576,-2.3730996,10.510657,-0.7946576,-2.3730996,10.510657,-0.7946576,-2.3730996,10.510657,-0.7946576,-2.3730996,10.510657,-0.7946576
Test_Target_003_15,A,15,-2.367942,10.512378,-0.80118626,-2.367942,10.512378,-0.80118626,-2.367942,10.512378,-0.80118626,-2.367942,10.512378,-0.80118626,-2.367942,10.512378,-0.80118626
Test_Target_003_16,A,16,-2.367901,10.512538,-0.80205476,-2.367901,10.512538,-0.80205476,-2.367901,10.512538,-0.80205476,-2.367901,10.512538,-0.80205476,-2.367901,10.512538,-0.80205476
Test_Target_003_17,C,17,-2.4093044,10.511281,-0.81786364,-2.4093044,10.511281,-0.81786364,-2.4093044,10.511281,-0.81786364,-2.4093044,10.511281,-0.81786364,-2.4093044,10.511281,-0.81786364
Test_Target_003_18,C,18,-2.4072888,10.511675,-0.8161531,-2.4072888,10.511675,-0.8161531,-2.4072888,10.511675,-0.8161531,-2.4072888,10.511675,-0.8161531,-2.4072888,10.511675,-0.8161531
Test_Target_003_19,A,19,-2.3661215,10.513113,-0.8002795,-2.3661215,10.513113,-0.8002795,-2.3661215,10.513113,-0.8002795,-2.3661215,10.513113,-0.8002795,-2.3661215,10.513113,-0.8002795
Test_Target_003_20,A,20,-2.365686,10.513109,-0.7997162,-2.365686,10.513109,-0.7997162,-2.365686,10.513109,-0.7997162,-2.365686,10.513109,-0.7997162,-2.365686,10.513109,-0.7997162
